{"name":"t:sections.footer.name","type":"footer","sections":{"footer":{"type":"footer","blocks":{"link_list_Myq89J":{"type":"link_list","settings":{"heading":"Quick links","menu":"footer","width_desktop":12,"width_mobile":"2"}}},"block_order":["link_list_Myq89J"],"settings":{"color_scheme":"background-1","enable_follow_on_shop":true,"show_social":true,"enable_country_selector":true,"enable_language_selector":true,"payment_enable":true,"enabled_payment_types":"","show_policy":true,"branding_text":"","margin_top":4,"padding_top":8,"padding_bottom":8}}},"order":["footer"]}