{
  "sections": {
    "hardonia_404_hero": {
      "type": "rich-text",
      "blocks": {
        "error_heading": {
          "type": "heading",
          "settings": {
            "heading": "<p>Oops! Page Not Found</p>",
            "heading_size": "h1"
          }
        },
        "error_text": {
          "type": "text",
          "settings": {
            "text": "<p>We couldn't find the page you're looking for, but don't worry - our amazing collection of products is just a click away!</p>"
          }
        },
        "error_buttons": {
          "type": "button",
          "settings": {
            "button_label": "Back to Homepage",
            "button_link": "/",
            "button_style_secondary": false,
            "button_label_2": "Browse All Products",
            "button_link_2": "/collections/all",
            "button_style_secondary_2": true
          }
        }
      },
      "block_order": [
        "error_heading",
        "error_text",
        "error_buttons"
      ],
      "settings": {
        "desktop_content_position": "center",
        "content_alignment": "center",
        "color_scheme": "scheme-1",
        "full_width": true,
        "padding_top": 60,
        "padding_bottom": 40
      }
    },
    "hardonia_404_search": {
      "type": "main-search",
      "settings": {
        "columns_desktop": 4,
        "image_ratio": "adapt",
        "image_shape": "default",
        "show_secondary_image": false,
        "show_vendor": false,
        "show_rating": true,
        "columns_mobile": "2",
        "padding_top": 20,
        "padding_bottom": 36
      }
    },
    "hardonia_404_collections": {
      "type": "collection-list",
      "blocks": {
        "collection_1": {
          "type": "featured_collection",
          "settings": {
            "collection": ""
          }
        },
        "collection_2": {
          "type": "featured_collection",
          "settings": {
            "collection": ""
          }
        },
        "collection_3": {
          "type": "featured_collection",
          "settings": {
            "collection": ""
          }
        },
        "collection_4": {
          "type": "featured_collection",
          "settings": {
            "collection": ""
          }
        }
      },
      "block_order": [
        "collection_1",
        "collection_2",
        "collection_3",
        "collection_4"
      ],
      "settings": {
        "title": "Explore Our Categories",
        "heading_size": "h2",
        "image_ratio": "square",
        "columns_desktop": 4,
        "color_scheme": "scheme-2",
        "show_view_all": false,
        "columns_mobile": "2",
        "swipe_on_mobile": false,
        "padding_top": 36,
        "padding_bottom": 36
      }
    },
    "hardonia_404_products": {
      "type": "rich-text",
      "blocks": {
        "products_heading": {
          "type": "heading",
          "settings": {
            "heading": "<p>Popular Products</p>",
            "heading_size": "h2"
          }
        },
        "products_text": {
          "type": "text",
          "settings": {
            "text": "<p>Check out our most loved products while you're here</p>"
          }
        },
        "products_button": {
          "type": "button",
          "settings": {
            "button_label": "View All Products",
            "button_link": "/collections/all",
            "button_style_secondary": false,
            "button_label_2": "",
            "button_link_2": "",
            "button_style_secondary_2": false
          }
        }
      },
      "block_order": [
        "products_heading",
        "products_text",
        "products_button"
      ],
      "settings": {
        "desktop_content_position": "center",
        "content_alignment": "center",
        "color_scheme": "scheme-1",
        "full_width": false,
        "padding_top": 36,
        "padding_bottom": 36
      }
    },
    "hardonia_404_help": {
      "type": "multicolumn",
      "blocks": {
        "help_search": {
          "type": "column",
          "settings": {
            "title": "Try Searching",
            "text": "<p>Use our search bar to find exactly what you're looking for</p>",
            "link_label": "Search Products",
            "link": "/search"
          }
        },
        "help_contact": {
          "type": "column",
          "settings": {
            "title": "Need Help?",
            "text": "<p>Our customer service team is here to assist you</p>",
            "link_label": "Contact Us",
            "link": "/pages/contact"
          }
        },
        "help_categories": {
          "type": "column",
          "settings": {
            "title": "Browse Categories",
            "text": "<p>Explore our organised product categories</p>",
            "link_label": "All Categories",
            "link": "/collections"
          }
        },
        "help_new": {
          "type": "column",
          "settings": {
            "title": "What's New",
            "text": "<p>Discover our latest product arrivals</p>",
            "link_label": "New Arrivals",
            "link": "/collections/new-arrivals"
          }
        }
      },
      "block_order": [
        "help_search",
        "help_contact",
        "help_categories",
        "help_new"
      ],
      "settings": {
        "title": "How Can We Help?",
        "heading_size": "h2",
        "image_width": "full",
        "image_ratio": "adapt",
        "columns_desktop": 4,
        "column_alignment": "center",
        "background_style": "none",
        "button_label": "",
        "button_link": "",
        "color_scheme": "scheme-1",
        "columns_mobile": "2",
        "swipe_on_mobile": false,
        "padding_top": 36,
        "padding_bottom": 52
      }
    }
  },
  "order": [
    "hardonia_404_hero",
    "hardonia_404_search",
    "hardonia_404_collections",
    "hardonia_404_products",
    "hardonia_404_help"
  ]
}