{"sections":{"cart-items":{"type":"ds-main-cart-items","settings":{"padding_top":0,"padding_bottom":24}},"ds-featured-collection":{"type":"ds-featured-collection","settings":{"title":"You may also like these!!","heading_size":"h2","description":"<p>all products you like<\/p>","show_description":false,"description_style":"body","color_scheme":"background-1","collection":"all","products_to_show":4,"columns_desktop":4,"product_cards_stretch":false,"full_width":false,"show_view_all":true,"view_all_style":"solid","enable_desktop_slider":true,"cards_color_scheme":"background-1","image_ratio":"square","show_secondary_image":false,"show_vendor":false,"show_rating":false,"enable_quick_add":false,"columns_mobile":"2","swipe_on_mobile":false,"padding_top":100,"padding_bottom":100,"custom_colors_background":"#FFFFFF","custom_gradient_background":"","custom_colors_text":"#2E2A39","custom_colors_solid_button_background":"#dd1d1d","custom_colors_solid_button_text":"#FFFFFF"}},"cart-footer":{"type":"main-cart-footer","blocks":{"discount_field_AbJcxF":{"type":"discount_field","settings":{}},"subtotal":{"type":"subtotal","settings":{}},"buttons":{"type":"buttons","settings":{}}},"block_order":["discount_field_AbJcxF","subtotal","buttons"],"settings":{}}},"order":["cart-items","ds-featured-collection","cart-footer"]}