{"order":["hardonia_collection_products","17517877420ffdc14d","hardonia_related_collections","hardonia_collection_newsletter"],"sections":{"17517877420ffdc14d":{"block_order":["areviews_reviews_importer_areviews_display_reviews_MPCqFz"],"blocks":{"areviews_reviews_importer_areviews_display_reviews_MPCqFz":{"settings":{"areviews_stars_colors":"#f3c621","areviews_theme_font":"inherit","areviews_write_reviews_botton_color":"#373737","hide_areviews_title_rating":false},"type":"shopify://apps/areviews-reviews-importer/blocks/AreviewsDisplayReviews/ab0ec5fe-c95b-4fd6-bfb8-db2a30d0756f"}},"settings":{"include_margins":true},"type":"apps"},"hardonia_collection_newsletter":{"block_order":["newsletter_heading","newsletter_text","newsletter_form"],"blocks":{"newsletter_form":{"settings":{},"type":"email_form"},"newsletter_heading":{"settings":{"heading":"Stay Updated with New Arrivals","heading_size":"h2"},"type":"heading"},"newsletter_text":{"settings":{"text":"\u003cp\u003eBe the first to discover new products in this category and get exclusive offers delivered to your inbox.\u003c/p\u003e"},"type":"paragraph"}},"settings":{"color_scheme":"accent-1","full_width":true,"padding_bottom":52,"padding_top":40},"type":"newsletter"},"hardonia_collection_products":{"settings":{"columns_desktop":3,"columns_mobile":"2","enable_filtering":true,"enable_quick_add":true,"enable_sorting":false,"image_ratio":"adapt","image_shape":"default","padding_bottom":36,"padding_top":0,"products_per_page":24,"show_rating":true,"show_secondary_image":true,"show_vendor":true},"type":"main-collection-product-grid"},"hardonia_related_collections":{"block_order":["featured_collection_iBRphq","featured_collection_CXPtYy"],"blocks":{"featured_collection_CXPtYy":{"settings":{"collection":""},"type":"featured_collection"},"featured_collection_iBRphq":{"disabled":true,"settings":{"collection":"{{ collection }}"},"type":"featured_collection"}},"settings":{"collections_to_show":2,"color_scheme":"background-1","description":"\u003cp\u003eDiscover other products that complement your selection and will enhance your life.\u003c/p\u003e","image_ratio":"adapt","padding_bottom":28,"padding_top":28,"show_view_all":true,"title":"Explore the rest of our stash","view_all_text":"View All Goodies"},"type":"hardonia-featured-collection"}}}