{"sections":{"hardonia_collection_products":{"type":"main-collection-product-grid","settings":{"products_per_page":24,"columns_desktop":3,"image_ratio":"adapt","image_shape":"default","show_secondary_image":true,"show_vendor":true,"show_rating":true,"enable_quick_add":true,"enable_filtering":true,"enable_sorting":false,"columns_mobile":"2","padding_top":0,"padding_bottom":36}},"17517877420ffdc14d":{"type":"apps","blocks":{"areviews_reviews_importer_areviews_display_reviews_MPCqFz":{"type":"shopify:\/\/apps\/areviews-reviews-importer\/blocks\/AreviewsDisplayReviews\/ab0ec5fe-c95b-4fd6-bfb8-db2a30d0756f","settings":{"hide_areviews_title_rating":false,"areviews_theme_font":"inherit","areviews_stars_colors":"#f3c621","areviews_write_reviews_botton_color":"#373737"}}},"block_order":["areviews_reviews_importer_areviews_display_reviews_MPCqFz"],"settings":{"include_margins":true}},"hardonia_related_collections":{"type":"hardonia-featured-collection","blocks":{"featured_collection_iBRphq":{"type":"featured_collection","disabled":true,"settings":{"collection":"{{ collection }}"}},"featured_collection_CXPtYy":{"type":"featured_collection","settings":{"collection":""}}},"block_order":["featured_collection_iBRphq","featured_collection_CXPtYy"],"settings":{"title":"Explore the rest of our stash","description":"<p>Discover other products that complement your selection and will enhance your life.<\/p>","image_ratio":"adapt","collections_to_show":2,"show_view_all":true,"view_all_text":"View All Goodies","color_scheme":"background-1","padding_top":28,"padding_bottom":28}},"hardonia_collection_newsletter":{"type":"newsletter","blocks":{"newsletter_heading":{"type":"heading","settings":{"heading":"Stay Updated with New Arrivals","heading_size":"h2"}},"newsletter_text":{"type":"paragraph","settings":{"text":"<p>Be the first to discover new products in this category and get exclusive offers delivered to your inbox.<\/p>"}},"newsletter_form":{"type":"email_form","settings":{}}},"block_order":["newsletter_heading","newsletter_text","newsletter_form"],"settings":{"color_scheme":"accent-1","full_width":true,"padding_top":40,"padding_bottom":52}}},"order":["hardonia_collection_products","17517877420ffdc14d","hardonia_related_collections","hardonia_collection_newsletter"]}