{"order":["hardonia_hero_slideshow","featured_categories","hardonia_brand_story","featured_products_showcase","1751975704dd59faca","customer_testimonials","newsletter_fXzcUb"],"sections":{"1751975704dd59faca":{"block_order":["omega_instafeed_carousel_RgQjcE"],"blocks":{"omega_instafeed_carousel_RgQjcE":{"settings":{"IdOfOmegaCarousel":"365","background_color":"#ffffff","padding_bottom":0,"padding_top":0},"type":"shopify://apps/omega-instafeed/blocks/carousel/710f3bb4-c962-4be4-a6e2-1cee2ca38517"}},"settings":{"include_margins":true},"type":"apps"},"customer_testimonials":{"block_order":["testimonial_quality","testimonial_service","testimonial_variety"],"blocks":{"testimonial_quality":{"settings":{"author":"Jason T., Verified Customer","text":"\u003cp\u003eI ordered once — now I’m hooked. It’s like Hardonia knew exactly what I needed before I did. Every product just works — and ships fast.\u003c/p\u003e","title":""},"type":"column"},"testimonial_service":{"settings":{"author":"Khaled M., First-Time Shopper","text":"\u003cp\u003eThe only store that actually delivers on cool gear without the extra $ tag and checkout hassle. Support replied in 10 minutes and fixed my issue instantly.\u003c/p\u003e","title":"Excellent Customer Service!"},"type":"column"},"testimonial_variety":{"settings":{"author":"Bianca R., Repeat Buyer","text":"\u003cp\u003eI used to scroll for hours comparing gadgets. Now? I just check Hardonia first. Everything’s vetted, smart, stylist and ready to go!\u003cbr/\u003e\u003cbr/\u003e\u003c/p\u003e","title":"Love the Variety!"},"type":"column"}},"settings":{"background_style":"none","color_scheme":"custom","column_alignment":"center","columns_desktop":3,"custom_colors_background":"#ffffff","custom_colors_text":"#2e2a39","custom_gradient_background":"","heading_size":"h2","image_ratio":"circle","image_width":"full","padding_bottom":32,"padding_top":32,"quotes_color_scheme":"background-1","show_quotes":true,"show_stars":true,"slider_preview":true,"stars_color":"#ffd700","text":"","title":"What Our Customers Say About Hardonia"},"type":"ds-testimonials"},"featured_categories":{"block_order":["category_home_organisation","category_lifestyle_accessories","category_home_decor"],"blocks":{"category_home_decor":{"settings":{"button_label":"Shop Home Décor","button_link":"shopify://collections/featured-products-1","caption":"Home \u0026 Décor","heading":"Create Your Perfect Space","image":"shopify://shop_images/image_1.png","text":"\u003ch5\u003eBrowse our curated selection of \u003cstrong\u003ehome décor and furnishing accessories\u003c/strong\u003e. Whether you're refreshing a single room or reimagining your entire home, find pieces that reflect your personal style.\u003c/h5\u003e"},"type":"row"},"category_home_organisation":{"settings":{"button_label":"Shop Organisation","button_link":"shopify://collections/featured-products-1","caption":"Home Organisation","heading":"Intelligent Storage Solutions","image":"shopify://shop_images/image_4.png","text":"\u003ch5\u003eTransform any space with our collection of \u003cstrong\u003einnovative storage solutions\u003c/strong\u003e. From kitchen containers to wardrobe organisers, discover products that help you maintain a tidy, functional home with style and efficiency.\u003c/h5\u003e"},"type":"row"},"category_lifestyle_accessories":{"settings":{"button_label":"Explore Lifestyle","button_link":"shopify://collections/featured-products-1","caption":"Lifestyle \u0026 Wellness","heading":"Enhance Your Daily Routine","image":"shopify://shop_images/image_5.png","text":"\u003ch5\u003eDiscover products designed to \u003cstrong\u003eelevate your everyday experiences\u003c/strong\u003e. From wellness accessories to lifestyle essentials, find items that blend functionality with modern design for a better way of living.\u003c/h5\u003e"},"type":"row"}},"settings":{"button_style":"secondary","desktop_content_alignment":"center","desktop_content_position":"middle","desktop_image_width":"small","heading_size":"h1","image_height":"small","image_layout":"alternate-left","mobile_content_alignment":"left","padding_bottom":20,"padding_top":20,"row_color_scheme":"","section_color_scheme":"","text_style":"body"},"type":"multirow"},"featured_products_showcase":{"block_order":["lifestyle_image","product_99V8Jm","featured_product"],"blocks":{"featured_product":{"settings":{"product":"3-in-1-magnetic-wireless-charger-auto-rotate-15w-fast-charging-for-iphone-watch-airpods","second_image":false},"type":"product"},"lifestyle_image":{"settings":{"image":"shopify://shop_images/image_27.png"},"type":"image"},"product_99V8Jm":{"settings":{"product":"neck-face-sculpting-massager-skin-care-device-with-3-color-led-modes-for-lifting-rejuvenation","second_image":false},"type":"product"}},"settings":{"card_styles":"product-card-wrapper","color_scheme":"background-1","custom_colors_background":"#ffffff","custom_colors_text":"#2e2a39","custom_gradient_background":"","desktop_layout":"left","heading":"Featured This Week","heading_size":"h2","mobile_layout":"column","padding_bottom":36,"padding_top":36},"type":"collage"},"hardonia_brand_story":{"block_order":["brand_heading","brand_story_text","explore_button"],"blocks":{"brand_heading":{"settings":{"heading":"\u003cp\u003e\u003cem\u003eIn Hoc \u003c/em\u003e\u003cem\u003e\u003cstrong\u003eHardonia\u003c/strong\u003e\u003c/em\u003e\u003c/p\u003e","heading_size":"h1"},"type":"heading"},"brand_story_text":{"settings":{"text":"\u003ch3\u003e\u003cstrong\u003eHardonia\u003c/strong\u003e is your trusted destination for \u003cstrong\u003equality home and lifestyle products\u003c/strong\u003e. We believe that the right products can transform not just your space, but your daily experience. From practical storage solutions to beautiful home accessories, we curate products that combine \u003cstrong\u003efunctionality, style, and value\u003c/strong\u003e.\u003c/h3\u003e\u003ch3\u003eWhether you're organising your kitchen, upgrading your living space, or finding the perfect lifestyle accessory, Hardonia brings you products that enhance modern living. \u003cstrong\u003eQuality you can trust, style you'll love, and service that exceeds expectations.\u003c/strong\u003e\u003c/h3\u003e"},"type":"text"},"explore_button":{"settings":{"button_label":"Explore Our Stash","button_label_2":"","button_link":"shopify://collections/all","button_link_2":"shopify://pages/about","button_style_secondary":false,"button_style_secondary_2":false},"type":"button"}},"settings":{"color_scheme":"custom","content_alignment":"center","custom_colors_background":"#010101","custom_colors_solid_button_background":"#fdfbf7","custom_colors_solid_button_text":"#243d00","custom_colors_text":"#ffffff","custom_gradient_background":"","desktop_content_position":"center","full_width":true,"padding_bottom":32,"padding_top":32},"type":"rich-text"},"hardonia_hero_slideshow":{"block_order":["slide_lifestyle"],"blocks":{"slide_lifestyle":{"settings":{"box_align":"middle-left","button_label":"Shop All Categories","button_style_secondary":false,"color_scheme":"background-1","heading":"Better Living Starts Here","heading_size":"h1","image":"shopify://shop_images/image_6.png","image_overlay_opacity":40,"link":"shopify://collections/all","show_text_box":false,"subheading":"From everyday essentials to delightful discoveries, explore quality products that solve problems and enhance your lifestyle at Hardonia.","text_alignment":"left","text_alignment_mobile":"center"},"type":"slide"}},"settings":{"accessibility_info":"Slideshow showcasing Hardonia's product range","auto_rotate":true,"change_slides_speed":7,"color_scheme":"background-1","layout":"full_bleed","show_text_below":true,"slide_height":"small","slider_visual":"counter"},"type":"ds-slideshow"},"newsletter_fXzcUb":{"block_order":["heading_6e4pAP","paragraph_JDPjPH","email_form_awJnAe"],"blocks":{"email_form_awJnAe":{"settings":{},"type":"email_form"},"heading_6e4pAP":{"settings":{"heading":"Subscribe to our emails","heading_size":"h1"},"type":"heading"},"paragraph_JDPjPH":{"settings":{"text":"\u003cp\u003eBe the first to know about new collections and exclusive offers.\u003c/p\u003e"},"type":"paragraph"}},"name":"t:sections.newsletter.presets.name","settings":{"color_scheme":"","full_width":true,"padding_bottom":28,"padding_top":28},"type":"newsletter"}}}