{
  "sections": {
    "hardonia_hero_slideshow": {
      "type": "ds-slideshow",
      "blocks": {
        "slide_lifestyle": {
          "type": "slide",
          "settings": {
            "image": "shopify:\/\/shop_images\/image_6.png",
            "heading": "Better Living Starts Here",
            "heading_size": "h1",
            "subheading": "From everyday essentials to delightful discoveries, explore quality products that solve problems and enhance your lifestyle at Hardonia.",
            "button_label": "Shop All Categories",
            "link": "shopify:\/\/collections\/all",
            "button_style_secondary": false,
            "box_align": "middle-left",
            "show_text_box": false,
            "text_alignment": "left",
            "image_overlay_opacity": 40,
            "color_scheme": "background-1",
            "text_alignment_mobile": "center"
          }
        }
      },
      "block_order": [
        "slide_lifestyle"
      ],
      "settings": {
        "layout": "full_bleed",
        "slide_height": "small",
        "slider_visual": "counter",
        "auto_rotate": true,
        "change_slides_speed": 7,
        "show_text_below": true,
        "accessibility_info": "Slideshow showcasing Hardonia's product range",
        "color_scheme": "background-1"
      }
    },
    "featured_categories": {
      "type": "multirow",
      "blocks": {
        "category_home_organisation": {
          "type": "row",
          "settings": {
            "image": "shopify:\/\/shop_images\/image_4.png",
            "caption": "Home Organisation",
            "heading": "Intelligent Storage Solutions",
            "text": "<h5>Transform any space with our collection of <strong>innovative storage solutions<\/strong>. From kitchen containers to wardrobe organisers, discover products that help you maintain a tidy, functional home with style and efficiency.<\/h5>",
            "button_label": "Shop Organisation",
            "button_link": "shopify:\/\/collections\/featured-products-1"
          }
        },
        "category_lifestyle_accessories": {
          "type": "row",
          "settings": {
            "image": "shopify:\/\/shop_images\/image_5.png",
            "caption": "Lifestyle & Wellness",
            "heading": "Enhance Your Daily Routine",
            "text": "<h5>Discover products designed to <strong>elevate your everyday experiences<\/strong>. From wellness accessories to lifestyle essentials, find items that blend functionality with modern design for a better way of living.<\/h5>",
            "button_label": "Explore Lifestyle",
            "button_link": "shopify:\/\/collections\/featured-products-1"
          }
        },
        "category_home_decor": {
          "type": "row",
          "settings": {
            "image": "shopify:\/\/shop_images\/image_1.png",
            "caption": "Home & Décor",
            "heading": "Create Your Perfect Space",
            "text": "<h5>Browse our curated selection of <strong>home décor and furnishing accessories<\/strong>. Whether you're refreshing a single room or reimagining your entire home, find pieces that reflect your personal style.<\/h5>",
            "button_label": "Shop Home Décor",
            "button_link": "shopify:\/\/collections\/featured-products-1"
          }
        }
      },
      "block_order": [
        "category_home_organisation",
        "category_lifestyle_accessories",
        "category_home_decor"
      ],
      "settings": {
        "image_height": "small",
        "desktop_image_width": "small",
        "heading_size": "h1",
        "text_style": "body",
        "button_style": "secondary",
        "desktop_content_position": "middle",
        "desktop_content_alignment": "center",
        "image_layout": "alternate-left",
        "section_color_scheme": "",
        "row_color_scheme": "",
        "mobile_content_alignment": "left",
        "padding_top": 20,
        "padding_bottom": 20
      }
    },
    "hardonia_brand_story": {
      "type": "rich-text",
      "blocks": {
        "brand_heading": {
          "type": "heading",
          "settings": {
            "heading": "<p><em>In Hoc <\/em><em><strong>Hardonia<\/strong><\/em><\/p>",
            "heading_size": "h1"
          }
        },
        "brand_story_text": {
          "type": "text",
          "settings": {
            "text": "<h3><strong>Hardonia<\/strong> is your trusted destination for <strong>quality home and lifestyle products<\/strong>. We believe that the right products can transform not just your space, but your daily experience. From practical storage solutions to beautiful home accessories, we curate products that combine <strong>functionality, style, and value<\/strong>.<\/h3><h3>Whether you're organising your kitchen, upgrading your living space, or finding the perfect lifestyle accessory, Hardonia brings you products that enhance modern living. <strong>Quality you can trust, style you'll love, and service that exceeds expectations.<\/strong><\/h3>"
          }
        },
        "explore_button": {
          "type": "button",
          "settings": {
            "button_label": "Explore Our Stash",
            "button_link": "shopify:\/\/collections\/all",
            "button_style_secondary": false,
            "button_label_2": "",
            "button_link_2": "shopify:\/\/pages\/about",
            "button_style_secondary_2": false
          }
        }
      },
      "block_order": [
        "brand_heading",
        "brand_story_text",
        "explore_button"
      ],
      "settings": {
        "desktop_content_position": "center",
        "content_alignment": "center",
        "color_scheme": "custom",
        "full_width": true,
        "padding_top": 32,
        "padding_bottom": 32,
        "custom_colors_background": "#010101",
        "custom_gradient_background": "",
        "custom_colors_text": "#ffffff",
        "custom_colors_solid_button_background": "#fdfbf7",
        "custom_colors_solid_button_text": "#243d00"
      }
    },
    "featured_products_showcase": {
      "type": "collage",
      "blocks": {
        "lifestyle_image": {
          "type": "image",
          "settings": {
            "image": "shopify:\/\/shop_images\/image_27.png"
          }
        },
        "product_99V8Jm": {
          "type": "product",
          "settings": {
            "product": "neck-face-sculpting-massager-skin-care-device-with-3-color-led-modes-for-lifting-rejuvenation",
            "second_image": false
          }
        },
        "featured_product": {
          "type": "product",
          "settings": {
            "product": "3-in-1-magnetic-wireless-charger-auto-rotate-15w-fast-charging-for-iphone-watch-airpods",
            "second_image": false
          }
        }
      },
      "block_order": [
        "lifestyle_image",
        "product_99V8Jm",
        "featured_product"
      ],
      "settings": {
        "heading": "Featured This Week",
        "heading_size": "h2",
        "desktop_layout": "left",
        "mobile_layout": "column",
        "card_styles": "product-card-wrapper",
        "color_scheme": "background-1",
        "padding_top": 36,
        "padding_bottom": 36,
        "custom_colors_background": "#ffffff",
        "custom_gradient_background": "",
        "custom_colors_text": "#2e2a39"
      }
    },
    "1751975704dd59faca": {
      "type": "apps",
      "blocks": {
        "omega_instafeed_carousel_RgQjcE": {
          "type": "shopify:\/\/apps\/omega-instafeed\/blocks\/carousel\/710f3bb4-c962-4be4-a6e2-1cee2ca38517",
          "settings": {
            "IdOfOmegaCarousel": "365",
            "padding_top": 0,
            "padding_bottom": 0,
            "background_color": "#ffffff"
          }
        }
      },
      "block_order": [
        "omega_instafeed_carousel_RgQjcE"
      ],
      "settings": {
        "include_margins": true
      }
    },
    "customer_testimonials": {
      "type": "ds-testimonials",
      "blocks": {
        "testimonial_quality": {
          "type": "column",
          "settings": {
            "title": "",
            "text": "<p>I ordered once — now I’m hooked. It’s like Hardonia knew exactly what I needed before I did. Every product just works — and ships fast.<\/p>",
            "author": "Jason T., Verified Customer"
          }
        },
        "testimonial_service": {
          "type": "column",
          "settings": {
            "title": "Excellent Customer Service!",
            "text": "<p>The only store that actually delivers on cool gear without the extra $ tag and checkout hassle. Support replied in 10 minutes and fixed my issue instantly.<\/p>",
            "author": "Khaled M., First-Time Shopper"
          }
        },
        "testimonial_variety": {
          "type": "column",
          "settings": {
            "title": "Love the Variety!",
            "text": "<p>I used to scroll for hours comparing gadgets. Now? I just check Hardonia first. Everything’s vetted, smart, stylist and ready to go!<br\/><br\/><\/p>",
            "author": "Bianca R., Repeat Buyer"
          }
        }
      },
      "block_order": [
        "testimonial_quality",
        "testimonial_service",
        "testimonial_variety"
      ],
      "settings": {
        "title": "What Our Customers Say About Hardonia",
        "heading_size": "h2",
        "text": "",
        "image_width": "full",
        "image_ratio": "circle",
        "columns_desktop": 3,
        "slider_preview": true,
        "column_alignment": "center",
        "show_stars": true,
        "stars_color": "#ffd700",
        "show_quotes": true,
        "quotes_color_scheme": "background-1",
        "background_style": "none",
        "color_scheme": "custom",
        "padding_top": 32,
        "padding_bottom": 32,
        "custom_colors_background": "#ffffff",
        "custom_gradient_background": "",
        "custom_colors_text": "#2e2a39"
      }
    },
    "newsletter_fXzcUb": {
      "type": "newsletter",
      "blocks": {
        "heading_6e4pAP": {
          "type": "heading",
          "settings": {
            "heading": "Subscribe to our emails",
            "heading_size": "h1"
          }
        },
        "paragraph_JDPjPH": {
          "type": "paragraph",
          "settings": {
            "text": "<p>Be the first to know about new collections and exclusive offers.<\/p>"
          }
        },
        "email_form_awJnAe": {
          "type": "email_form",
          "settings": {}
        }
      },
      "block_order": [
        "heading_6e4pAP",
        "paragraph_JDPjPH",
        "email_form_awJnAe"
      ],
      "name": "t:sections.newsletter.presets.name",
      "settings": {
        "color_scheme": "",
        "full_width": true,
        "padding_top": 28,
        "padding_bottom": 28
      }
    }
  },
  "order": [
    "hardonia_hero_slideshow",
    "featured_categories",
    "hardonia_brand_story",
    "featured_products_showcase",
    "1751975704dd59faca",
    "customer_testimonials",
    "newsletter_fXzcUb"
  ]
}
