{"sections":{"main":{"type":"main-page","disabled":true,"settings":{"padding_top":28,"padding_bottom":28}},"ds_track_order_8a6XCR":{"type":"ds-track-order","settings":{"heading":"Track your order","text":"<p>Please enter you tracking number below. if your tracking number doesn't work feel free to contact us.<\/p>","heading_size":"h2","input_label":"Tracking number","button_label":"Track order","button_full_width":true,"color_scheme":"background-1","padding_top":36,"padding_bottom":36,"custom_colors_background":"#ffffff","custom_gradient_background":"","custom_colors_text":"#2e2a39","custom_colors_solid_button_background":"#dd1d1d","custom_colors_solid_button_text":"#ffffff"}}},"order":["main","ds_track_order_8a6XCR"]}