{
  "order": [
    "main",
    "17521226001ebf1b18",
    "product-recommendations",
    "areviews-reviews",
    "recently-viewed",
    "faq"
  ],
  "sections": {
    "17521226001ebf1b18": {
      "block_order": [
        "areviews_reviews_importer_areviews_display_reviews_fTWX4r"
      ],
      "blocks": {
        "areviews_reviews_importer_areviews_display_reviews_fTWX4r": {
          "settings": {
            "areviews_stars_colors": "#f3c621",
            "areviews_theme_font": "inherit",
            "areviews_write_reviews_botton_color": "#373737",
            "hide_areviews_title_rating": false
          },
          "type": "shopify:\/\/apps\/areviews-reviews-importer\/blocks\/AreviewsDisplayReviews\/ab0ec5fe-c95b-4fd6-bfb8-db2a30d0756f"
        }
      },
      "settings": {
        "include_margins": true
      },
      "type": "apps"
    },
    "areviews-reviews": {
      "settings": {},
      "type": "areviews_widget_reviews"
    },
    "faq": {
      "settings": {
        "heading": "Frequently Asked Questions"
      },
      "type": "product-faq"
    },
    "main": {
      "settings": {},
      "type": "main-product"
    },
    "product-recommendations": {
      "settings": {
        "heading": "You may also like"
      },
      "type": "product-recommendations"
    },
    "recently-viewed": {
      "settings": {
        "clear_text": "Clear History",
        "color_scheme": "background-1",
        "description": "Continue shopping from where you left off",
        "heading": "Recently Viewed",
        "padding_bottom": 36,
        "padding_top": 36,
        "products_to_show": 4,
        "show_clear_button": true
      },
      "type": "recently-viewed-products"
    }
  }
}
