{"current":{"animations_hover_elements":"none","animations_reveal_on_scroll":false,"badge_corner_radius":40,"badge_position":"bottom left","blocks":{"10164839151858296315":{"disabled":false,"settings":{},"type":"shopify:\/\/apps\/gopixel-google-ads-tracking\/blocks\/embaded\/23453d9d-c664-4b2a-8bbb-c4daa238ed92"},"13687764805362907416":{"disabled":false,"settings":{},"type":"shopify:\/\/apps\/omega-instafeed\/blocks\/app-embed-block\/710f3bb4-c962-4be4-a6e2-1cee2ca38517"},"13768625480086291342":{"disabled":false,"settings":{},"type":"shopify:\/\/apps\/forms\/blocks\/forms\/8744a304-fcb1-4347-b211-bb6b4759a76a"},"14710238943034738919":{"disabled":true,"settings":{"air_reviews_json_ld_v2":"{\n\"@context\": \"http:\/\/schema.org\",\n\"@type\": \"Product\",\n\"name\": {{ product.title | json }},\n\"description\": {{ product.description | escape | truncate: 150 | json }},\n\"image\": {{ product.featured_image | json }},\n\"aggregateRating\": {\n  \"@type\": \"AggregateRating\",\n  \"ratingValue\": {{ product.metafields.reviews.rating.value.rating | json }},\n  \"bestRating\": {{ product.metafields.reviews.rating.value.scale_max | json }},\n  \"reviewCount\": {{ product.metafields.air_reviews_product.review_count | json }}\n }{% if shop.metafields.air_reviews_has_ugc_content.data.value == true %}, \n  \"review\":[{% assign reviewsData = product.metafields.air_reviews_product.data.value.reviews %}\n  {% for review in reviewsData limit: 10 %}\n    {\n      \"@type\": \"Review\",\n      \"author\": {\n        \"@type\": \"Person\",\n        \"name\": {{ review.firstName | json }}\n      },\n      \"reviewRating\": {\n          \"@type\": \"Rating\",\n          \"bestRating\": {{ product.metafields.reviews.rating.value.scale_max | json }},\n          \"ratingValue\": {{ review.rate | json }},\n          \"worstRating\": {{ product.metafields.reviews.rating.value.scale_min | json }}\n      },\n      \"reviewBody\": {{ review.content | json }},\n      \"datePublished\": {{ review.createdAt | date: \"%Y-%m-%d %H:%M:%S\" | json }}\n    }{% unless forloop.last %},{% endunless %} \n  {% endfor %}]{% endif %}\n}"},"type":"shopify:\/\/apps\/air-product-reviews\/blocks\/app-embed\/c4e1e9ca-4d46-4e76-bc39-7e42417cb327"},"15683396631634586217":{"disabled":false,"settings":{"button_color":"#000000","secondary_color":"#FFFFFF","ternary_color":"#6A6A6A","button_icon":"chat_bubble","button_text":"chat_with_us","button_horizontal_position":"bottom_right","button_vertical_position":"lowest","greeting_message":""},"type":"shopify:\/\/apps\/inbox\/blocks\/chat\/841fc607-4181-4ad1-842d-e24d7f8bad6b"},"16865981829950876834":{"disabled":false,"settings":{},"type":"shopify:\/\/apps\/icart-cart-upsell\/blocks\/icart-block\/e651bbc2-5760-47d8-a513-2aa6ee3a9aa7"},"1804893150726543839":{"disabled":false,"settings":{},"type":"shopify:\/\/apps\/nova-multi-currency-converter\/blocks\/app-embed\/a5be3c35-cbd0-46a1-ac3a-1ace57a9c1ce"},"5890205134905443601":{"disabled":false,"settings":{},"type":"shopify:\/\/apps\/seoant-trust-badges\/blocks\/trust_core\/f42f2346-5d14-4b41-a8b9-4b6ee352262e"},"6478312753674380289":{"disabled":true,"settings":{},"type":"shopify:\/\/apps\/gempages-builder\/blocks\/embed-gp-script-head\/20b379d4-1b20-474c-a6ca-665c331919f3"}},"blog_card_border_opacity":10,"blog_card_border_thickness":0,"blog_card_color_scheme":"scheme-2","blog_card_corner_radius":0,"blog_card_image_padding":0,"blog_card_shadow_blur":5,"blog_card_shadow_horizontal_offset":0,"blog_card_shadow_opacity":0,"blog_card_shadow_vertical_offset":4,"blog_card_style":"standard","blog_card_text_alignment":"left","body_scale":100,"brand_description":"<h3>🏡 Dedicated to helping you create a home you love with stylish and functional products.<\/h3><h3><br\/>🌱 From cozy interiors to vibrant gardens, we bring quality and inspiration to every corner of your space.<\/h3><h3><br\/>✨ Transform your living spaces into something extraordinary with our carefully curated collections. Let's turn your humble abode into a cozy sanctuary with our stylish and functional products. From snazzy interiors to lush gardens, we've got you covered with quality and inspiration in every nook and cranny.<\/h3>","brand_headline":"<strong>About Us<\/strong>","brand_image_width":330,"buttons_border_opacity":100,"buttons_border_thickness":0,"buttons_radius":2,"buttons_shadow_blur":0,"buttons_shadow_horizontal_offset":0,"buttons_shadow_opacity":0,"buttons_shadow_vertical_offset":0,"card_border_opacity":10,"card_border_thickness":0,"card_color_scheme":"inverse","card_corner_radius":4,"card_image_padding":0,"card_shadow_blur":0,"card_shadow_horizontal_offset":0,"card_shadow_opacity":0,"card_shadow_vertical_offset":4,"card_style":"standard","card_text_alignment":"left","cart_color_scheme":"scheme-1","cart_discount_btn_label":"Add","cart_display_single_item_prices":false,"cart_drawer_collection":"","cart_icon":"cart","cart_price_color":"accent-2","cart_type":"drawer","cart_upsell_1_product":"adjustable-heart-o-ring-punk-rock-cuban-chain-necklace-lariat-y-style-necklace-with-key-heart-lock-pendant","cart_upsell_drop_shadow":false,"cart_upsell_hide_when_in_cart":false,"cart_upsell_title_link":true,"collection_card_border_opacity":10,"collection_card_border_thickness":0,"collection_card_color_scheme":"background-1","collection_card_corner_radius":4,"collection_card_image_padding":0,"collection_card_shadow_blur":5,"collection_card_shadow_horizontal_offset":0,"collection_card_shadow_opacity":0,"collection_card_shadow_vertical_offset":4,"collection_card_style":"standard","collection_card_text_alignment":"center","color_schemes":{"scheme-1":{"settings":{"background":"#ffffff","background_gradient":"","text":"#121212","button":"#416e03","button_label":"#ffffff","secondary_button_label":"#453326","shadow":"#453326"}},"scheme-2":{"settings":{"background":"#f4f1ef","background_gradient":"","text":"#453326","button":"#453326","button_label":"#f4f1ef","secondary_button_label":"#416e03","shadow":"#416e03"}},"scheme-3":{"settings":{"background":"#416e03","background_gradient":"","text":"#ffffff","button":"#ffffff","button_label":"#ffffff","secondary_button_label":"#f4f1ef","shadow":"#ffffff"}},"scheme-4":{"settings":{"background":"#453326","background_gradient":"","text":"#ffffff","button":"#f4f1ef","button_label":"#453326","secondary_button_label":"#ffffff","shadow":"#121212"}},"scheme-5":{"settings":{"background":"#334fb4","background_gradient":"","text":"#ffffff","button":"#ffffff","button_label":"#334fb4","secondary_button_label":"#ffffff","shadow":"#121212"}},"scheme-43067ba1-e386-413e-947a-e8551c01b85f":{"settings":{"background":"#ffffff","background_gradient":"","text":"#121212","button":"#121212","button_label":"#ffffff","secondary_button_label":"#ff0000","shadow":"#121212"}},"scheme-68ab2610-ae84-4df1-8530-c2146566684a":{"settings":{"background":"#ffffff","background_gradient":"","text":"#fdfbf7","button":"#121212","button_label":"#ffffff","secondary_button_label":"#121212","shadow":"#121212"}}},"colors_accent_1":"#334fb4","colors_accent_2":"#121212","colors_background_1":"#718db8","colors_background_2":"#243d00","colors_outline_button_labels":"#ef7500","colors_solid_button_labels":"#ffffff","colors_text":"#000000","content_for_index":[],"currency_code_enabled":false,"displayed_variants":"compact","drawer_border_opacity":10,"drawer_border_thickness":1,"drawer_shadow_blur":5,"drawer_shadow_horizontal_offset":0,"drawer_shadow_opacity":0,"drawer_shadow_vertical_offset":4,"enable_cart_discount":true,"enable_cart_progress_bar":true,"enable_cart_upsell_1":true,"enable_cart_upsell_2":true,"enabled_cart_payment_types":"afterpay, american_express, apple_pay, bitcoin, dankort, diners_club, discover, dogecoin, dwolla, facebook_pay","favicon":"shopify:\/\/shop_images\/ChatGPT_Image_Jul_3_2025_07_40_15_PM.png","gradient_accent_1":"linear-gradient(228deg, rgba(21, 209, 252, 1) 14%, rgba(187, 48, 254, 1) 83%)","heading_scale":100,"inputs_border_opacity":55,"inputs_border_thickness":1,"inputs_radius":4,"inputs_shadow_blur":0,"inputs_shadow_horizontal_offset":0,"inputs_shadow_opacity":0,"inputs_shadow_vertical_offset":0,"logo":"shopify:\/\/shop_images\/ChatGPT_Image_Jul_3_2025_07_40_15_PM.png","logo_width":230,"media_border_opacity":5,"media_border_thickness":1,"media_radius":4,"media_shadow_blur":0,"media_shadow_horizontal_offset":0,"media_shadow_opacity":0,"media_shadow_vertical_offset":0,"page_width":1400,"popup_border_opacity":10,"popup_border_thickness":1,"popup_corner_radius":4,"popup_shadow_blur":0,"popup_shadow_horizontal_offset":0,"popup_shadow_opacity":5,"popup_shadow_vertical_offset":4,"predictive_search_enabled":true,"predictive_search_show_price":false,"predictive_search_show_vendor":false,"sale_badge_color_scheme":"accent-1","sale_badge_text":"Save [percentage]","sections":{"main-password-header":{"type":"main-password-header","settings":{"color_scheme":"scheme-1"}},"main-password-footer":{"type":"main-password-footer","settings":{"color_scheme":"scheme-1"}},"promo-popup":{"type":"promo-popup","settings":{"mode":"disabled","popup_seconds":5,"popup_days":30,"display_timer":true,"timer_duration":3,"layout":"image_first","color_scheme":"background-1","heading_prefix":"Sign up and more","heading":"Get 10% OFF here","heading_size":"h2","heading_suffix":"heading","text":"<p>Sign up for our email newsletter for special discounts and exclusive offers and more<\/p>","button_label":"Sign up here","dismiss_btn_label":"I'll do it later","discount_code":"Sale20%","success_heading_prefix":"Enjoy your discount","success_heading":"Discount!","success_heading_size":"h1","success_heading_suffix":"heading suffix","success_text":"<p>Use the code bellow to get 10% off your whole order!<\/p>","discount_code_label":"Discount code is:","copy_button_label":"Copy","copy_message":"Code copied successfully!!!","success_dismiss_btn_label":"Close this","success_display_image":false}}},"show_cart_note":false,"show_cart_payment_badges":true,"show_vendor":false,"social_facebook_link":"","social_instagram_link":"","social_pinterest_link":"x","social_snapchat_link":"","social_tiktok_link":"x","social_tumblr_link":"x","social_twitter_link":"x","social_vimeo_link":"","social_youtube_link":"","sold_out_badge_color_scheme":"background-1","spacing_grid_horizontal":12,"spacing_grid_vertical":12,"spacing_sections":0,"text_boxes_border_opacity":10,"text_boxes_border_thickness":0,"text_boxes_radius":4,"text_boxes_shadow_blur":0,"text_boxes_shadow_horizontal_offset":0,"text_boxes_shadow_opacity":0,"text_boxes_shadow_vertical_offset":4,"type_body_font":"lato_n3","type_header_font":"noto_sans_display_n4","variant_pills_border_opacity":20,"variant_pills_border_thickness":1,"variant_pills_radius":40,"variant_pills_shadow_blur":0,"variant_pills_shadow_horizontal_offset":0,"variant_pills_shadow_opacity":0,"variant_pills_shadow_vertical_offset":0},"presets":{"Default":{"logo_width":90,"color_schemes":{"scheme-1":{"settings":{"background":"#FFFFFF","background_gradient":"","text":"#121212","button":"#121212","button_label":"#FFFFFF","secondary_button_label":"#121212","shadow":"#121212"}},"scheme-2":{"settings":{"background":"#F3F3F3","background_gradient":"","text":"#121212","button":"#121212","button_label":"#F3F3F3","secondary_button_label":"#121212","shadow":"#121212"}},"scheme-3":{"settings":{"background":"#242833","background_gradient":"","text":"#FFFFFF","button":"#FFFFFF","button_label":"#000000","secondary_button_label":"#FFFFFF","shadow":"#121212"}},"scheme-4":{"settings":{"background":"#121212","background_gradient":"","text":"#FFFFFF","button":"#FFFFFF","button_label":"#121212","secondary_button_label":"#FFFFFF","shadow":"#121212"}},"scheme-5":{"settings":{"background":"#334FB4","background_gradient":"","text":"#FFFFFF","button":"#FFFFFF","button_label":"#334FB4","secondary_button_label":"#FFFFFF","shadow":"#121212"}}},"type_header_font":"assistant_n4","heading_scale":100,"type_body_font":"assistant_n4","body_scale":100,"page_width":1200,"spacing_sections":0,"spacing_grid_horizontal":8,"spacing_grid_vertical":8,"animations_reveal_on_scroll":true,"animations_hover_elements":"none","buttons_border_thickness":1,"buttons_border_opacity":100,"buttons_radius":0,"buttons_shadow_opacity":0,"buttons_shadow_horizontal_offset":0,"buttons_shadow_vertical_offset":4,"buttons_shadow_blur":5,"variant_pills_border_thickness":1,"variant_pills_border_opacity":55,"variant_pills_radius":40,"variant_pills_shadow_opacity":0,"variant_pills_shadow_horizontal_offset":0,"variant_pills_shadow_vertical_offset":4,"variant_pills_shadow_blur":5,"inputs_border_thickness":1,"inputs_border_opacity":55,"inputs_radius":0,"inputs_shadow_opacity":0,"inputs_shadow_horizontal_offset":0,"inputs_shadow_vertical_offset":4,"inputs_shadow_blur":5,"card_style":"standard","card_image_padding":0,"card_text_alignment":"left","card_color_scheme":"scheme-2","card_border_thickness":0,"card_border_opacity":10,"card_corner_radius":0,"card_shadow_opacity":0,"card_shadow_horizontal_offset":0,"card_shadow_vertical_offset":4,"card_shadow_blur":5,"collection_card_style":"standard","collection_card_image_padding":0,"collection_card_text_alignment":"left","collection_card_color_scheme":"background-1","collection_card_border_thickness":0,"collection_card_border_opacity":10,"collection_card_corner_radius":0,"collection_card_shadow_opacity":0,"collection_card_shadow_horizontal_offset":0,"collection_card_shadow_vertical_offset":4,"collection_card_shadow_blur":5,"blog_card_style":"standard","blog_card_image_padding":0,"blog_card_text_alignment":"left","blog_card_color_scheme":"scheme-2","blog_card_border_thickness":0,"blog_card_border_opacity":10,"blog_card_corner_radius":0,"blog_card_shadow_opacity":0,"blog_card_shadow_horizontal_offset":0,"blog_card_shadow_vertical_offset":4,"blog_card_shadow_blur":5,"text_boxes_border_thickness":0,"text_boxes_border_opacity":10,"text_boxes_radius":0,"text_boxes_shadow_opacity":0,"text_boxes_shadow_horizontal_offset":0,"text_boxes_shadow_vertical_offset":4,"text_boxes_shadow_blur":5,"media_border_thickness":1,"media_border_opacity":5,"media_radius":0,"media_shadow_opacity":0,"media_shadow_horizontal_offset":0,"media_shadow_vertical_offset":4,"media_shadow_blur":5,"popup_border_thickness":1,"popup_border_opacity":10,"popup_corner_radius":0,"popup_shadow_opacity":5,"popup_shadow_horizontal_offset":0,"popup_shadow_vertical_offset":4,"popup_shadow_blur":5,"drawer_border_thickness":1,"drawer_border_opacity":10,"drawer_shadow_opacity":0,"drawer_shadow_horizontal_offset":0,"drawer_shadow_vertical_offset":4,"drawer_shadow_blur":5,"badge_position":"bottom left","badge_corner_radius":40,"sale_badge_color_scheme":"scheme-4","sold_out_badge_color_scheme":"scheme-3","brand_headline":"","brand_description":"<p><\/p>","brand_image_width":100,"social_twitter_link":"","social_facebook_link":"","social_pinterest_link":"","social_instagram_link":"","social_tiktok_link":"","social_tumblr_link":"","social_snapchat_link":"","social_youtube_link":"","social_vimeo_link":"","predictive_search_enabled":true,"predictive_search_show_vendor":false,"predictive_search_show_price":false,"currency_code_enabled":true,"cart_type":"notification","show_vendor":false,"show_cart_note":false,"cart_drawer_collection":"","cart_color_scheme":"scheme-1","sections":{"main-password-header":{"type":"main-password-header","settings":{"color_scheme":"scheme-1"}},"main-password-footer":{"type":"main-password-footer","settings":{"color_scheme":"scheme-1"}}}}}}